timestamp,battery_voltage,temperature_c,signal_strength_db,solar_panel_efficiency_pct,fuel_level_pct,altitude_km,velocity_kms,mission_mode,subsystem_status
2024-01-01T00:00:00Z,29.0274245371779,25.61373800341626,-75.02667719071167,84.74516728798855,49.32207353021974,410.1659230361076,7.65187353404531,nominal,nominal
2024-01-01T00:01:00Z,28.913046418922423,25.4360581843076,-75.2949541789478,84.75215340872352,49.111933241387156,410.0968240412161,7.651142288085746,nominal,nominal
2024-01-01T00:02:00Z,29.080829626377867,24.742678988798275,-75.12006778584971,85.6627611217701,50.87249838109659,410.34689723597074,7.653170674852985,nominal,nominal
2024-01-01T00:03:00Z,29.10458195722793,24.423529108545193,-74.61508466625622,85.24828613929107,50.70996716882115,410.2117731409503,7.648010436296769,nominal,nominal
2024-01-01T00:04:00Z,28.850977205740406,23.79881388656752,-74.86580115536376,85.03757165245128,48.335652223905385,410.45388546529955,7.65004479938285,nominal,nominal
2024-01-01T00:05:00Z,28.916009625735825,24.92145592819748,-74.68087660364208,85.39045265524854,52.2374470710695,410.38651304083885,7.64985964761331,nominal,nominal
2024-01-01T00:06:00Z,29.051342038246304,26.288368765317575,-74.49928233120278,84.25094545350788,50.52264816966124,410.5892981423586,7.647703416018075,nominal,nominal
2024-01-01T00:07:00Z,29.017999445296883,25.42800431519766,-74.9363722652649,85.21289627770062,49.107958000639826,410.26250975386455,7.6523648454506334,nominal,nominal
2024-01-01T00:08:00Z,29.051567352093493,25.01358975262213,-74.39429104502219,86.16427866135655,52.66783377601216,410.4485093413444,7.650479062770777,nominal,nominal
2024-01-01T00:09:00Z,28.982916027500732,25.507735999186902,-74.53107092353196,85.35800583279297,51.93334637376677,410.10682848134877,7.6521042798238526,nominal,nominal
2024-01-01T00:10:00Z,29.145437717737085,24.62902824114965,-75.22420638911301,85.36202042612335,49.208052012068634,410.0405347565304,7.654644522901485,nominal,nominal
2024-01-01T00:11:00Z,29.14288553612432,25.230625796464643,-73.98654153428761,85.61107908051757,53.880511959315186,410.75497783191145,7.650684872161188,nominal,nominal
2024-01-01T00:12:00Z,29.085408879702552,25.442095447467292,-74.8280045500804,85.80035294410168,52.31263133458332,410.3297484593036,7.650692705808049,nominal,nominal
2024-01-01T00:13:00Z,29.187488225382186,25.391437290455848,-75.31461032065802,84.53132257197488,51.41864777248016,410.52825255894226,7.651611938200505,nominal,nominal
2024-01-01T00:14:00Z,29.134670355850282,25.818835329998524,-75.00729709407585,84.70592565843202,53.92857012589263,410.34577038781543,7.653024112946935,nominal,nominal
2024-01-01T00:15:00Z,29.021802845719172,25.650786188699534,-74.96377448541195,85.59032691788207,51.8912661320555,410.1545091959862,7.650802249918346,nominal,nominal
2024-01-01T00:16:00Z,29.13885710201064,25.829094365364675,-74.44817434938803,85.20665320436221,51.71903424473088,410.35552663925216,7.650814716461689,nominal,nominal
2024-01-01T00:17:00Z,29.025885233126935,25.251155809003894,-74.56230939148806,86.15133470400671,50.87929427932614,410.80474709600213,7.653455528358722,nominal,nominal
2024-01-01T00:18:00Z,29.197744164145977,25.99743511892637,-74.55815620029665,85.45158970969327,52.850836276099365,410.5621841457116,7.652546019602896,nominal,nominal
2024-01-01T00:19:00Z,29.120672173872478,26.358849155737005,-74.09530658622668,84.7552886982353,52.80099621534,409.90377640495166,7.649018999369847,nominal,nominal
2024-01-01T00:20:00Z,29.1149917286302,25.221579422903233,-74.18890938071692,85.08754044416656,52.21584256565579,410.3741911341914,7.650355734656618,nominal,nominal
2024-01-01T00:21:00Z,29.076790555004138,25.290908024930914,-74.16740738820761,84.4530168611687,51.116257369206814,410.9949355178131,7.6545530906957495,nominal,nominal
2024-01-01T00:22:00Z,29.254527917810105,26.323598937991303,-74.09308120755489,85.61713949486989,52.60321473673978,410.41752493254313,7.653011212380109,nominal,nominal
2024-01-01T00:23:00Z,29.136995714617818,25.668412046007262,-73.96822255937896,85.66974398275106,52.410357954756925,409.9628676191598,7.651371762236845,nominal,nominal
2024-01-01T00:24:00Z,29.118736301997156,26.418148656389132,-75.16214997384067,85.59542081055733,50.62121862176264,411.09220068559955,7.6523658156140115,nominal,nominal
2024-01-01T00:25:00Z,29.131953575162235,25.61908690317939,-74.34576923998813,86.30372354109426,50.519708051449975,410.7502030686311,7.652747281587638,nominal,nominal
2024-01-01T00:26:00Z,29.217889647851013,26.504679615077862,-75.13118542326423,86.38924303218855,53.68076042073479,410.54560221286016,7.653936630392941,nominal,nominal
2024-01-01T00:27:00Z,29.209183541859566,25.940636497896456,-74.10230515260699,85.80479308982375,49.03539379520248,410.47621993273145,7.650900831175492,nominal,nominal
2024-01-01T00:28:00Z,29.2197258891163,26.02910274085852,-74.08918506713766,84.95228761999871,53.35111502498624,410.9333054258464,7.651781575526539,nominal,nominal
2024-01-01T00:29:00Z,29.227613944082588,26.648323378810865,-73.58531020728523,86.22197698028093,52.43020964356729,410.4668718259718,7.653556767862494,nominal,nominal
2024-01-01T00:30:00Z,29.38782126217219,25.81256817561936,-73.49019963280625,86.2252769932981,55.21358621188398,410.9947201876676,7.653101464430821,nominal,nominal
2024-01-01T00:31:00Z,29.164700482561862,25.58288422701616,-73.90236205810405,86.14561537675301,52.61442825354383,410.8335846991722,7.65421241934123,nominal,nominal
2024-01-01T00:32:00Z,29.16135188759136,25.83541477242621,-74.18789381878963,86.47893455322762,54.44678854150774,410.7649170216722,7.651613301124091,nominal,nominal
2024-01-01T00:33:00Z,29.140360246224464,26.271549236623258,-73.71367854052058,85.54382631542637,52.964625767589474,410.75565374748993,7.654095689543854,nominal,nominal
2024-01-01T00:34:00Z,29.275153278635255,25.393984070536078,-74.13898728377862,87.00251557680063,53.83254107362025,410.6798933576639,7.655299294272458,nominal,nominal
2024-01-01T00:35:00Z,29.327406381823273,26.41585628358497,-73.87163231575754,85.69725188847814,54.86856938768663,411.0663549543241,7.65449354241203,nominal,nominal
2024-01-01T00:36:00Z,29.221594885972213,25.91680369287777,-73.3969878715619,86.49640110304614,53.17033571153232,410.51323100757327,7.654072836895661,nominal,nominal
2024-01-01T00:37:00Z,29.16225402864158,26.70585625517114,-74.0616565478542,85.43003409535503,55.45930085288439,410.3063161671783,7.653820643122288,nominal,nominal
2024-01-01T00:38:00Z,29.1696485704877,25.14184226229433,-73.41818521284134,85.80064029022802,52.57365118267207,410.99717163653406,7.652811921269175,nominal,nominal
2024-01-01T00:39:00Z,29.30835395968086,25.895048445086314,-73.44616634020527,86.9313689349096,54.60523274344819,411.02204019434225,7.654055345590952,nominal,nominal
2024-01-01T00:40:00Z,29.322606325782424,25.519656583815227,-74.1510890658383,86.16116233152019,55.645850423750346,410.99645051366724,7.656151449618889,nominal,nominal
2024-01-01T00:41:00Z,29.310473446705277,25.936144552925267,-73.25379982951313,86.6859129850988,55.34988228031566,410.99428371941144,7.65418128328273,nominal,nominal
2024-01-01T00:42:00Z,29.207532235360482,26.44859020058135,-73.3485045995005,86.44377047000599,57.33180246537753,410.79526491655366,7.6531224291662525,nominal,nominal
2024-01-01T00:43:00Z,29.29412277847069,26.28548931552103,-73.58799205370887,86.31891012677335,53.40864534727875,411.1470056759646,7.653815433690097,nominal,nominal
2024-01-01T00:44:00Z,29.289490912247253,26.280926041096315,-73.94809960898952,87.00867859334264,52.58109594672018,410.9162965267223,7.654951095269658,nominal,nominal
2024-01-01T00:45:00Z,29.304392054762086,26.351917213161347,-73.96309230307664,86.31705393418902,53.253665354865234,410.802899535277,7.654184897021837,nominal,nominal
2024-01-01T00:46:00Z,29.368818712603897,26.543475321221777,-73.78999754666357,85.65061846453924,55.830499226298656,410.8743996816186,7.655567790301071,nominal,nominal
2024-01-01T00:47:00Z,29.31615210818535,26.02630132510375,-73.27568994754047,86.11868450259988,55.680692881331225,411.59295360561816,7.655718074121051,nominal,nominal
2024-01-01T00:48:00Z,29.36272666173319,26.82620454368817,-73.92190912004703,86.75615848319936,55.180459007083115,410.48492197890874,7.656360548788219,nominal,nominal
2024-01-01T00:49:00Z,29.313259243735736,26.83408532408214,-73.26723385071239,86.7138647352718,53.43518321770155,411.17386018956114,7.65725495799976,nominal,nominal
2024-01-01T00:50:00Z,29.338706528919094,26.736695987130215,-73.99536107281031,85.85825270257902,56.36173065727683,410.5385528151695,7.656705217803843,nominal,nominal
2024-01-01T00:51:00Z,29.374965569995165,26.841188197586565,-73.50108271464899,86.26479401461481,53.46543666135252,411.0280287640687,7.653901135231607,nominal,nominal
2024-01-01T00:52:00Z,29.192423872644277,26.751227582520333,-73.33281902828526,86.35606487501543,57.13122264742014,410.94847140922474,7.654037496603991,nominal,nominal
2024-01-01T00:53:00Z,29.300169410127506,27.560482084227285,-72.25499233672518,86.48023778064692,59.76848796137082,410.4709575763282,7.655368673111972,nominal,nominal
2024-01-01T00:54:00Z,29.291931103913928,26.63213083702775,-73.94846883098279,86.05216209913068,56.12075409986192,411.2309267531311,7.654894314344146,nominal,nominal
2024-01-01T00:55:00Z,29.282042610784156,26.559520637379723,-72.63988535944915,86.41494108697651,56.53368915558756,411.01779397176256,7.65395153686166,nominal,nominal
2024-01-01T00:56:00Z,29.320007198645733,26.38476259511985,-73.20872090742506,86.39597528791387,55.006877034258885,410.51947143475206,7.655083628996342,nominal,nominal
2024-01-01T00:57:00Z,29.484493779584472,26.285227106106866,-73.06522732902593,87.09693527475976,53.11716437792608,411.4183672991436,7.655120714959128,nominal,nominal
2024-01-01T00:58:00Z,29.277153271868315,26.215378056983063,-73.17135307757175,87.13949495134916,55.01388882679983,411.6140954276657,7.654910196261704,nominal,nominal
2024-01-01T00:59:00Z,29.447301367429404,26.400822786626943,-72.9990913542313,86.73516687144088,54.36326239695473,411.64755835440957,7.65552892102937,nominal,nominal
2024-01-01T01:00:00Z,29.21372480202132,26.79410923559027,-73.24324288962922,86.64949749919187,53.915877826489826,411.32496387041795,7.65785406096659,nominal,nominal
2024-01-01T01:01:00Z,29.34001801578215,27.001221150228314,-72.49488907593978,86.91375428282196,58.75283438767462,411.24767633650936,7.656468151536556,nominal,nominal
2024-01-01T01:02:00Z,29.38972715903917,26.89841084224708,-73.33001509900251,86.50793811754362,56.66061683003403,411.6487115968678,7.659959036667078,nominal,nominal
2024-01-01T01:03:00Z,29.432707550389452,26.555246827992207,-72.59075673968375,86.38366326586024,56.901990380372894,411.7712068774924,7.656588221288482,nominal,nominal
2024-01-01T01:04:00Z,29.44877185631947,27.32889037449956,-73.3661578834053,86.500707776674,55.949157521174214,411.6226088246564,7.655977592408063,nominal,nominal
2024-01-01T01:05:00Z,29.46092173715429,27.280338132466902,-73.07951090094912,86.66193650614431,56.23270147610643,411.0159403392854,7.656498207423755,nominal,nominal
2024-01-01T01:06:00Z,29.36283869040727,26.899277996208237,-73.51126341398245,86.44755652464163,58.017225138519485,411.37448327899654,7.656955137082827,nominal,nominal
2024-01-01T01:07:00Z,29.357259535175196,26.70054371747591,-72.80088334326858,87.06728278415332,56.59934759720727,411.46142549833746,7.657300734211007,nominal,nominal
2024-01-01T01:08:00Z,29.480679422634488,27.264100530980134,-72.33238535277634,87.3456800198094,57.52040079572616,410.8019868870627,7.659839426877478,nominal,nominal
2024-01-01T01:09:00Z,29.39077711562195,27.12456063867523,-72.99483775661291,86.32577828894726,56.50590196758743,411.5007898807572,7.655531927716889,nominal,nominal
2024-01-01T01:10:00Z,29.297657538681115,26.41068927217087,-73.02625202550911,87.07365445895486,56.3612591269274,412.0567952403989,7.658163057550293,nominal,nominal
2024-01-01T01:11:00Z,29.31488953868123,27.053835824514707,-73.41715069367287,86.98545583183784,54.837718550622846,411.5815988095453,7.657259715695448,nominal,nominal
2024-01-01T01:12:00Z,29.33849143477089,27.22412681798865,-72.99697099154335,87.25988961104675,54.054078748299915,411.8461643928027,7.654664055727995,nominal,nominal
2024-01-01T01:13:00Z,29.470283437030673,26.72283219640967,-73.58906256654554,87.12187240468253,56.69997331616426,411.47333765259134,7.658248364340906,nominal,nominal
2024-01-01T01:14:00Z,29.442593606928586,27.234305980188033,-73.2619186406123,86.49475677744195,57.24766654936046,411.41061880507897,7.659064356852577,nominal,nominal
2024-01-01T01:15:00Z,29.49609420789606,26.515082511783795,-72.72819364910109,86.60167744566408,55.303313712102806,411.5608831704575,7.655946744161501,nominal,nominal
2024-01-01T01:16:00Z,29.399611371293194,27.79160429232289,-72.21612351369896,87.20356115633065,57.249356193506095,411.21546570381634,7.6572876676892205,nominal,nominal
2024-01-01T01:17:00Z,29.456384056308803,27.77215491383623,-71.52527769188724,87.67352883444497,57.4492202463507,411.18458572420263,7.654780560008854,nominal,nominal
2024-01-01T01:18:00Z,29.502407238424254,27.116887714399635,-73.03344277344594,86.2341361978666,54.2010563736975,411.86690504370813,7.655546858693261,nominal,nominal
2024-01-01T01:19:00Z,29.42218824039617,27.413701596882543,-72.10396778465459,87.40572410576567,56.12780349363061,411.9118007994299,7.659072534849276,nominal,nominal
2024-01-01T01:20:00Z,29.495000706479846,26.184989790888462,-72.62085670832084,87.80478457787785,58.17574475893122,411.21563788898936,7.656865224159318,nominal,nominal
2024-01-01T01:21:00Z,29.398114769751984,26.76808407512051,-72.77962091879596,87.21957887794711,58.208723168226655,411.8160266561928,7.655964930611727,nominal,nominal
2024-01-01T01:22:00Z,29.428745584120044,27.17490163748604,-72.49823034516874,87.55469327476641,55.959828130582025,411.5119801083545,7.658034531051871,nominal,nominal
2024-01-01T01:23:00Z,29.43073100580421,26.8429772216782,-72.64670050102374,87.00905599491627,57.98912901348388,411.65223395989403,7.656967838290588,nominal,nominal
2024-01-01T01:24:00Z,29.36106300813939,27.664921298395807,-72.60687904226249,87.28972809153741,59.34508710874741,411.70036084597183,7.657105243784044,nominal,nominal
2024-01-01T01:25:00Z,29.516050957887973,28.259900611922944,-72.82263275018566,86.63170608984767,59.03600001544083,411.87238325582825,7.6589793796154675,nominal,nominal
2024-01-01T01:26:00Z,29.433445315653543,26.848981007615766,-73.25069171555053,86.32350314257046,57.78526342400893,411.61045388146493,7.656185592066129,nominal,nominal
2024-01-01T01:27:00Z,29.480216867360127,27.01860345153484,-73.29916935776176,87.81970659392455,57.282908807924166,412.0200232541727,7.656626825458888,nominal,nominal
2024-01-01T01:28:00Z,29.525692801253612,27.51807977549986,-72.29391179276305,86.9688802922844,57.09640997269955,411.70090919176823,7.658271546687424,nominal,nominal
2024-01-01T01:29:00Z,29.52587851480106,28.153455811616663,-72.69606149574673,87.22346601454029,58.796574823670596,411.8062243116021,7.659548959835429,nominal,nominal
2024-01-01T01:30:00Z,29.54877195515195,26.89436803607903,-72.82380352812329,86.82053746275041,58.44077754878761,411.37964554035347,7.660005362041308,nominal,nominal
2024-01-01T01:31:00Z,29.483151256018832,27.572141003161516,-72.53609771985118,86.82558838173564,59.14435516956461,412.28764753529373,7.657202656579869,nominal,nominal
2024-01-01T01:32:00Z,29.456976423158594,28.294950839078748,-72.16691412997513,87.39713939117027,58.449031907057886,411.7911917144367,7.659657286637756,nominal,nominal
2024-01-01T01:33:00Z,29.490887231652213,26.747017736488253,-72.42852687246919,87.16199961580789,59.52917710275089,411.8741054630495,7.657124817737024,nominal,nominal
2024-01-01T01:34:00Z,29.349120270231932,26.92842070336015,-72.79032287504766,87.67498879553838,58.49156162090579,411.1874788209304,7.661088986841829,nominal,nominal
2024-01-01T01:35:00Z,29.373588277291567,27.328519026140857,-71.92902617090974,87.72278428758905,59.57417307102497,411.4326173924418,7.656696483458698,nominal,nominal
2024-01-01T01:36:00Z,29.387562640862708,27.298763244088075,-71.75633849378525,87.67741037071909,59.74966092179332,412.0600504596243,7.660436144982431,nominal,nominal
2024-01-01T01:37:00Z,29.419559428304087,27.91222879343025,-72.2308912911636,87.6539285698589,57.28173743446648,411.7837728114485,7.657503798219576,nominal,nominal
2024-01-01T01:38:00Z,29.547925856944367,27.668477756615676,-72.00212053719886,88.26972657491565,55.820220205348214,411.1323533346822,7.661552305957847,nominal,nominal
2024-01-01T01:39:00Z,29.43301576987053,26.773811497425708,-71.86857357716912,87.09212722819447,60.89038736490406,412.02651659487157,7.659462129174162,nominal,nominal
2024-01-01T01:40:00Z,29.48296482687849,27.816931965015527,-71.90645802390782,87.56027659391884,59.00164570843559,411.56019668116767,7.657092632818255,nominal,nominal
2024-01-01T01:41:00Z,29.63634813945697,27.33719546397108,-72.12656740701821,88.10679838251492,56.08523103435956,412.15478707128375,7.65787360215829,nominal,nominal
2024-01-01T01:42:00Z,29.489699247134023,28.18231627027131,-72.12192880616854,88.17785793684988,57.62532082966443,411.71285931151743,7.659867821883329,nominal,nominal
2024-01-01T01:43:00Z,29.59041181698813,27.33776268773385,-72.14597566286362,86.9803834369254,59.89173503565629,411.8081967252265,7.660312890223526,nominal,nominal
2024-01-01T01:44:00Z,29.442208970382932,27.34469593052309,-72.86262914562707,87.49061285917396,58.35106077969764,412.1078015788569,7.6586645026388105,nominal,nominal
2024-01-01T01:45:00Z,29.509870808248508,27.885310167145,-72.04287363713023,88.25295543542322,58.037911011964525,411.49195273693226,7.658872990562389,nominal,nominal
2024-01-01T01:46:00Z,29.444910069812387,27.99537719082331,-72.95805601323525,87.88069587111127,60.94152370304175,411.4701861401643,7.659977730461539,nominal,nominal
2024-01-01T01:47:00Z,29.501876953650306,27.863594366178084,-72.69562010239949,87.74981801657269,57.30223478844693,411.71568357548506,7.659070863148539,nominal,nominal
2024-01-01T01:48:00Z,29.60992132974397,26.912949194040852,-71.74192773262234,87.57350987481843,57.707663252914465,412.0291304977957,7.656964636000541,nominal,nominal
2024-01-01T01:49:00Z,29.380664010841954,27.92272974261406,-71.94128668214127,87.50790382807786,59.252460528060226,411.38781298731357,7.657715919778528,nominal,nominal
2024-01-01T01:50:00Z,29.576975618368675,27.223948828994246,-71.64128331739364,87.81908603063836,59.55030723890657,411.2925145881984,7.659317304755554,nominal,nominal
2024-01-01T01:51:00Z,29.560953543271378,27.803660945522093,-72.4244667773519,87.58421833906436,59.737136869202345,412.0456407416514,7.660815845942437,nominal,nominal
2024-01-01T01:52:00Z,29.487688727738245,27.0651306228252,-72.81270085981977,87.68665073928479,60.38622746270268,411.6229805853997,7.661443344032093,nominal,nominal
2024-01-01T01:53:00Z,29.412546778494086,27.914304893339622,-72.39473681173642,87.748829344697,59.34273435417308,411.69130548075407,7.660214160554308,nominal,nominal
2024-01-01T01:54:00Z,29.550638132451454,27.357762876847723,-72.2333535324557,87.41560019596398,59.80318385436108,411.2567784686087,7.659500044087508,nominal,nominal
2024-01-01T01:55:00Z,29.49787121875488,27.150442220235895,-72.23682726479387,87.96708603109978,58.703278820537804,411.6147247475965,7.660215313538484,nominal,nominal
2024-01-01T01:56:00Z,29.5677699785216,28.05536465891545,-71.75569818706111,89.04555568928531,59.20786611318297,411.8204935426762,7.658113692383018,nominal,nominal
2024-01-01T01:57:00Z,29.550023729286576,27.84902521570186,-72.42228651030423,86.94064119325058,59.29558520657152,412.10597014458506,7.658904437496104,nominal,nominal
2024-01-01T01:58:00Z,29.69336931349638,27.46975650576068,-72.0955384213012,87.89185170227297,59.476134091686845,411.59932832772125,7.65791729080595,nominal,nominal
2024-01-01T01:59:00Z,29.52874355693685,28.404458299106583,-72.69345440019848,87.40934227716859,60.33023576819782,412.3314980474345,7.657298312140763,nominal,nominal
2024-01-01T02:00:00Z,29.45917123691691,27.558136466558,-72.0409271686159,88.01626121614805,60.02081871046519,411.6322532302556,7.659688423705003,maneuver,warning
2024-01-01T02:01:00Z,28.828559821122447,27.775500920834144,-72.23754868486925,87.78200333054475,59.269833729507674,411.6357741045559,7.659481778185035,maneuver,warning
2024-01-01T02:02:00Z,28.19794840532799,27.88630584607876,-72.57212120760465,88.1081294429425,58.003960337999736,412.3047371286516,7.660249128042175,maneuver,warning
2024-01-01T02:03:00Z,27.567336989533526,27.490307171123273,-72.33696637149754,88.2981348009101,59.33202969203123,411.9095426066966,7.6600496905512765,maneuver,warning
2024-01-01T02:04:00Z,26.936725573739068,27.984649804430322,-72.31024061353149,87.85922797539604,59.20010156399091,411.68281822956345,7.659606094648321,maneuver,warning
2024-01-01T02:05:00Z,26.306114157944606,27.53568605574982,-72.34583019622775,88.28516314176032,59.542237742966286,411.8039531352951,7.660087390371762,maneuver,warning
2024-01-01T02:06:00Z,25.675502742150144,27.593223000122617,-71.42443619585963,86.72352619291502,62.571322111110305,412.25822890334257,7.659197509506059,maneuver,warning
2024-01-01T02:07:00Z,25.044891326355685,28.393989604995184,-72.26350028395488,88.49650395114588,58.48367555580041,412.29372779061015,7.6598886718164465,maneuver,warning
2024-01-01T02:08:00Z,24.414279910561223,27.314496509800353,-72.32699301614885,87.9515382017825,59.909300973457874,411.6101355351729,7.658186650840741,maneuver,warning
2024-01-01T02:09:00Z,23.783668494766765,26.698588711112688,-73.15951307089361,88.26936937011628,60.8838259676363,411.8434964303302,7.659835691755229,maneuver,warning
2024-01-01T02:10:00Z,23.153057078972303,28.51046117078551,-72.6168537853606,87.23659543785148,59.43213461458294,411.88407339698705,7.660287758271363,maneuver,warning
2024-01-01T02:11:00Z,22.52244566317784,28.933557087489554,-72.33202353218896,87.412513062094,62.79463270814625,411.5617009727226,7.65828334288728,maneuver,warning
2024-01-01T02:12:00Z,21.891834247383382,27.604428994521296,-72.52183354030599,87.85247239633864,58.72227494231444,411.84116126018733,7.6593670820284006,maneuver,warning
2024-01-01T02:13:00Z,21.261222831588924,26.9152847769472,-71.5913696877537,87.77919484502443,59.775673484234346,411.8595047882863,7.65835413588631,maneuver,warning
2024-01-01T02:14:00Z,20.630611415794462,27.64682738008797,-72.28767682955215,87.91392603398063,58.090275280581004,412.19975962326515,7.658498723853147,maneuver,warning
2024-01-01T02:15:00Z,20.0,27.65705018579868,-71.63434957457982,88.27388233564545,58.758881274708344,412.219461183978,7.657598774344771,maneuver,critical
2024-01-01T02:16:00Z,29.58517194897086,27.699312785041705,-72.18745440117561,86.99042937161543,59.65599591060073,411.7577561894934,7.661181257432755,nominal,nominal
2024-01-01T02:17:00Z,29.632097354460345,27.28230519788443,-72.19991765686103,88.22154839902204,60.547222149292466,411.79136726800795,7.6608762938179105,nominal,nominal
2024-01-01T02:18:00Z,29.736006806100658,28.042307643356406,-72.25845327222864,87.78523198872305,59.75032601517533,412.0536244434447,7.660077834545481,nominal,nominal
2024-01-01T02:19:00Z,29.818108665313417,28.01533353574253,-72.21898646990655,87.68760337935774,61.15302299688142,411.6773136098978,7.662222644650795,nominal,nominal
2024-01-01T02:20:00Z,29.592643029992566,27.104248376069947,-71.44981134363894,87.11472904951542,59.11332171740644,412.0277459821803,7.658971901138444,nominal,nominal
2024-01-01T02:21:00Z,29.46569818486707,28.088421607612386,-73.27004174868837,88.00015497911927,58.747690799740454,411.82281677268907,7.663793587217165,nominal,nominal
2024-01-01T02:22:00Z,29.362208370913997,28.694170922774738,-73.1302329040983,86.68411414793513,63.29085326391605,411.5561555472778,7.658893581479952,nominal,nominal
2024-01-01T02:23:00Z,29.577448174742596,27.844152865254923,-72.477656158317,88.05854802071568,59.81392552635721,411.55746279657495,7.659605359079828,nominal,nominal
2024-01-01T02:24:00Z,29.47937695033384,27.610911921628016,-72.23075420856924,87.09126061859601,58.129805162894996,412.2759231051819,7.658612360610953,nominal,nominal
2024-01-01T02:25:00Z,29.51427312423872,27.69437494179107,-71.93117662058174,87.78233244895232,58.152858984209416,411.7919244817734,7.659752742967673,nominal,nominal
2024-01-01T02:26:00Z,29.495606553293197,28.030341871178738,-72.03363443484476,87.69985034924532,57.76423454834594,412.32775711219807,7.660431676811973,nominal,nominal
2024-01-01T02:27:00Z,29.536990679318365,26.969507073000948,-72.42460136531706,88.27460146176145,60.56588501871583,411.6781153187717,7.658990156395352,nominal,nominal
2024-01-01T02:28:00Z,29.64449353924678,27.816752408719267,-71.79865374566172,87.66238176632324,58.596022701925065,411.9158792885924,7.661807668411942,nominal,nominal
2024-01-01T02:29:00Z,29.561510285173174,27.561170793257187,-71.79953249806583,87.42451721799989,59.31397561520289,412.5423893972491,7.659481655828668,nominal,nominal
2024-01-01T02:30:00Z,29.53184679295047,28.562140897249986,-72.18655433450803,87.50264842823272,59.00680245974182,411.50319707088084,7.659507793550565,nominal,nominal
2024-01-01T02:31:00Z,29.451590817078134,27.64562054395005,-71.84280581821864,88.29679552010188,60.177232859119,411.2466544994716,7.6577164977054375,nominal,nominal
2024-01-01T02:32:00Z,29.392681934000027,28.46756642012087,-72.16029263633845,87.95835063124849,57.786607177730936,412.1973217027976,7.659684471928883,nominal,nominal
2024-01-01T02:33:00Z,29.498167765727512,27.212994073718658,-72.54298997433173,87.53614389603514,57.418899529854016,411.55840886019575,7.658831217127855,nominal,nominal
2024-01-01T02:34:00Z,29.535555788870408,27.966247717281533,-71.98400133022973,87.59558020323624,59.34304960150664,411.795108818915,7.658094244046729,nominal,nominal
2024-01-01T02:35:00Z,29.697899653305186,27.837659924121024,-72.25629428942463,86.98870011465152,59.881204945099746,411.62017774047445,7.657815054405828,nominal,nominal
2024-01-01T02:36:00Z,29.54882976300967,27.294454018846384,-72.31387178857494,87.86033867076873,59.450549404264905,411.8707990212103,7.662959396004254,nominal,nominal
2024-01-01T02:37:00Z,29.623800421235487,27.756597577803674,-71.66040156629764,86.88485225775409,57.70838382707751,411.49935202198895,7.658527348545454,nominal,nominal
2024-01-01T02:38:00Z,29.48859615767387,28.213297284286206,-73.43522865013107,88.00597221733793,59.90843995551036,411.72446051210966,7.656706734561202,nominal,nominal
2024-01-01T02:39:00Z,29.42499719004137,27.51250437816554,-72.97974723147729,87.71609036171559,57.744910759671605,411.90708502802994,7.657813369960716,nominal,nominal
2024-01-01T02:40:00Z,29.44282185414031,26.887028621579724,-72.88576987816234,88.72254012351439,58.045731411840826,411.46311520992185,7.658750687619806,nominal,nominal
2024-01-01T02:41:00Z,29.462383522930256,27.630366071777512,-72.5251979477136,87.14320834451644,57.37830085855821,411.54882102023447,7.659614231694566,nominal,nominal
2024-01-01T02:42:00Z,29.717119339855373,27.221694927024416,-72.48678835671367,87.58158737871275,60.71102192191486,411.64764202970775,7.659591479181526,nominal,nominal
2024-01-01T02:43:00Z,29.449467574960146,27.46290845805294,-73.06133466104619,88.42619134586707,59.67333857971331,411.3159966233666,7.659738128095837,nominal,nominal
2024-01-01T02:44:00Z,29.596624272055557,27.569086722238133,-72.83751989594344,88.14192655672757,59.593494125506425,411.610432517558,7.657718713602033,nominal,nominal
2024-01-01T02:45:00Z,29.437597670006657,26.826762082965473,-72.79307317516314,87.2810101569615,60.5185023989552,411.7651760154192,7.659158345932495,nominal,nominal
2024-01-01T02:46:00Z,29.600337024027844,26.8554310116515,-71.31168189422004,87.68326260711386,62.827231420177434,411.6017868270873,7.657294168351654,nominal,nominal
2024-01-01T02:47:00Z,29.548709311554912,27.78724869901341,-71.61889750048687,87.57121833341371,56.00388958755786,411.6321328008051,7.657638264268902,nominal,nominal
2024-01-01T02:48:00Z,29.49746900131032,27.322608647221404,-72.62745517746033,87.68471220082513,57.41854199701021,411.6992508723932,7.657149543406575,nominal,nominal
2024-01-01T02:49:00Z,29.505335379253925,26.390885079211305,-72.6185924476075,87.23061383683739,57.55913748384009,411.49995698329064,7.656700816828204,nominal,nominal
2024-01-01T02:50:00Z,29.447446117111046,27.885064864972122,-72.98525675023626,87.49169086728314,57.16338739475417,411.89524213542563,7.660035931061615,nominal,nominal
2024-01-01T02:51:00Z,29.54383243132896,27.64099605585127,-73.3402290199735,86.79930609710334,56.778390681853985,412.10974654809246,7.659427683104728,nominal,nominal
2024-01-01T02:52:00Z,29.459982785837873,27.183412824526297,-72.54793958854113,87.56546204868336,57.89937538839266,411.5304568792365,7.659813853039443,nominal,nominal
2024-01-01T02:53:00Z,29.38780912063109,26.897994601874505,-72.95846519560911,87.69307749989052,56.476988416568275,411.8059382673438,7.658360863588539,nominal,nominal
2024-01-01T02:54:00Z,29.380219114455546,27.852281034063004,-72.56201525852634,87.37382874503182,58.756455153711286,411.5788931738506,7.659419103150703,nominal,nominal
2024-01-01T02:55:00Z,29.507824333936433,27.618664886859406,-73.25863552536235,86.73468420594406,58.28240450450029,411.75061760798303,7.655562922915394,nominal,nominal
2024-01-01T02:56:00Z,29.631406189807823,28.518610910862265,-72.8964486225852,87.89127922193758,58.87634260932691,412.1006937817973,7.659449430889249,nominal,nominal
2024-01-01T02:57:00Z,29.500622979033484,27.62020353848558,-72.50199913805437,87.59515493615612,58.865321574321904,411.77334364227835,7.658369408641873,nominal,nominal
2024-01-01T02:58:00Z,29.47242182437302,27.58996278218244,-72.4197093123827,87.0887895746491,58.956164842188464,411.0783065507668,7.658992318962273,nominal,nominal
2024-01-01T02:59:00Z,29.505639539713865,27.324458367199327,-72.41256168281791,87.27330573467106,57.43847304725812,411.7359159799329,7.658568621401066,nominal,nominal
2024-01-01T03:00:00Z,29.59421223098481,27.750909511396337,-73.21085967171467,86.70805913990417,61.12624967447044,411.9587660370967,7.656463951838715,nominal,nominal
2024-01-01T03:01:00Z,29.493114969587808,27.648141062886964,-72.24853869911371,86.90541816482524,58.2411557491408,411.5114229638841,7.6556424494113315,nominal,nominal
2024-01-01T03:02:00Z,29.43302776583537,27.91333233690637,-73.01003918041881,87.10804097719131,55.03979314790292,411.8653944972034,7.656765439027566,nominal,nominal
2024-01-01T03:03:00Z,29.566160702495417,27.09837827956335,-72.38224034547659,87.88576295847619,56.273015024517754,411.3482810662878,7.658623954565077,nominal,nominal
2024-01-01T03:04:00Z,29.501709766852297,27.119675074128978,-72.68917896752444,87.02783191105439,55.10794030630414,411.09807721011254,7.658753831912609,nominal,nominal
2024-01-01T03:05:00Z,29.597810808242123,27.082367417902034,-73.32141052977266,87.58605999151035,57.68588142643503,411.5743266021914,7.655607966066635,nominal,nominal
2024-01-01T03:06:00Z,29.47249971746574,27.635903865109395,-72.86224587648269,87.03780079929113,57.41743579918283,410.9930857108287,7.656128494584061,nominal,nominal
2024-01-01T03:07:00Z,29.34216768556314,27.93611799022345,-72.57373682398138,87.37342589447327,56.836859760117214,411.43596835752516,7.656454644778056,nominal,nominal
2024-01-01T03:08:00Z,29.32554295415602,27.03690818852347,-72.48077916834578,87.17975843447594,60.49434387006962,411.8816436190874,7.65694199711107,nominal,nominal
2024-01-01T03:09:00Z,29.593514963791076,27.033509071944408,-72.83878730439869,87.61753271949303,58.23899847595303,410.9101759612437,7.655372447918559,nominal,nominal
2024-01-01T03:10:00Z,29.596263005896038,27.347000205869108,-72.10503404410183,86.96500035292935,58.44136572592849,411.08659459797764,7.655219140534549,nominal,nominal
2024-01-01T03:11:00Z,29.421126173827552,27.07582184010912,-72.36020563794114,86.47877680261382,55.89143815180326,411.1480000031948,7.6560552954391055,nominal,nominal
2024-01-01T03:12:00Z,29.39889473272663,27.59533210205729,-72.94858639423553,86.54503089403072,55.72430919015129,411.4256093475163,7.657352407281486,nominal,nominal
2024-01-01T03:13:00Z,29.560959856996625,26.133849572695567,-72.51529583106424,86.90780448119989,57.21237276022589,411.32171786662224,7.655386273001951,nominal,nominal
2024-01-01T03:14:00Z,29.325794350680773,26.755125039210828,-72.00265062134189,86.56506532351831,57.34998507722312,411.8378357880578,7.6569167691027875,nominal,nominal
2024-01-01T03:15:00Z,29.34085266375399,26.754803127017404,-72.01089145234758,87.29148588435585,54.23850090699517,411.6908981502609,7.65861079748188,nominal,nominal
2024-01-01T03:16:00Z,29.475178919886435,26.042237336248323,-73.46620240454803,86.87680186763596,56.684197938466,411.5395135783686,7.65500198886662,nominal,nominal
2024-01-01T03:17:00Z,29.37761898484928,26.63202992956726,-73.3512726704875,88.13424017704511,56.90666555608767,411.42080058065864,7.656575888794162,nominal,nominal
2024-01-01T03:18:00Z,29.40847969273761,26.632883051581423,-72.28708324225767,86.26273173590039,56.49295393038362,411.4811044689035,7.658352812779667,nominal,nominal
2024-01-01T03:19:00Z,29.389992052067914,26.933012470142142,-73.45271690820132,87.11514449509502,55.52494626373204,411.0904116698564,7.656117629296707,nominal,nominal
2024-01-01T03:20:00Z,29.430799679227203,27.502924500423603,-73.59305366080478,86.49451098859892,55.864330057706574,411.5918896721846,7.655813128294301,nominal,nominal
2024-01-01T03:21:00Z,29.522762973477203,26.870170736759032,-73.23833932901971,86.75841742662266,56.3362046422903,410.98668541022215,7.658346737154109,nominal,nominal
2024-01-01T03:22:00Z,29.399870244486028,26.494721840202335,-72.8523099664121,87.02222677732759,56.66482674982959,411.5563384410535,7.656069323595958,nominal,nominal
2024-01-01T03:23:00Z,29.44525724042543,26.910884201606482,-73.10956477282242,85.89009662645914,57.362233191001074,411.6468519140707,7.658111788354985,nominal,nominal
2024-01-01T03:24:00Z,29.198330350634397,27.386357328284557,-73.37852443054658,87.02080095119055,58.00204830287947,411.3394121797171,7.657024212082145,nominal,nominal
2024-01-01T03:25:00Z,29.37396302072017,26.452556917217684,-73.41165722330663,87.74804674249276,55.864273029607105,411.208295005291,7.655791527635533,nominal,nominal
2024-01-01T03:26:00Z,29.297918344683747,26.459286647285882,-73.45150633393519,86.66499811078467,55.5459168559954,411.3661232025266,7.656949686946065,nominal,nominal
2024-01-01T03:27:00Z,29.259537655529638,27.097501186512233,-73.5496251780577,86.9630676904013,56.81033069309756,410.372313925529,7.656634521453566,nominal,nominal
2024-01-01T03:28:00Z,29.285580070918332,26.723377667630736,-72.15019628551619,87.28428368161602,56.99316377364826,411.30605674535207,7.657608220630537,nominal,nominal
2024-01-01T03:29:00Z,29.329887645597527,27.091161887122265,-73.0663262416635,86.72601470129084,55.34801193778834,411.1658563181834,7.655176794280879,nominal,nominal
2024-01-01T03:30:00Z,29.437697807085694,26.770191835060384,-72.8246255341496,86.5149008065291,57.10669985334348,411.16903349366174,7.655982918738068,nominal,nominal
2024-01-01T03:31:00Z,29.231162747624047,27.068439102743326,-73.4673943995505,85.72860907942822,57.311679548744024,411.3804200612713,7.655750028017604,nominal,nominal
2024-01-01T03:32:00Z,29.3485309764311,26.263085559169728,-73.35480979424571,87.01731653421575,57.700432066781396,411.1301497971893,7.656819124580753,nominal,nominal
2024-01-01T03:33:00Z,29.297400329523438,26.699439799762576,-73.61622139899937,86.65395210823928,58.350407668804046,410.79452320474945,7.654145157517058,nominal,nominal
2024-01-01T03:34:00Z,29.306652679112194,26.585905781560434,-74.51255246268978,86.22500855489919,54.302763418757024,411.07805672410166,7.657127853199103,nominal,nominal
2024-01-01T03:35:00Z,29.42152624507762,26.10923928815416,-73.96371397058051,86.71335872362599,55.54214799400217,411.1245267812249,7.656220793838259,nominal,nominal
2024-01-01T03:36:00Z,29.374811184114254,25.928338897378612,-74.18287443207166,86.36924781335674,55.45659645799305,411.12241615608735,7.6534642923026155,nominal,nominal
2024-01-01T03:37:00Z,29.44181822097794,26.91584902241406,-74.40514074353777,86.36947019753846,55.21042950233611,411.12008378121254,7.657169934093356,nominal,nominal
2024-01-01T03:38:00Z,29.302588195932362,26.424539963326183,-73.95544300310988,86.85529955557318,54.30100073833238,411.36678973702504,7.658626034738945,nominal,nominal
2024-01-01T03:39:00Z,29.24887078849678,26.097501990994427,-72.84624182654254,85.95525603264,52.96341738760581,410.7125417125803,7.656694511346777,nominal,nominal
2024-01-01T03:40:00Z,29.286341733389783,26.48916461292964,-73.48755114092182,87.00373701327834,55.24716961752729,411.0743402265462,7.657248627599324,nominal,nominal
2024-01-01T03:41:00Z,29.323269519039595,27.01483252493311,-72.91202226782956,85.87826526572263,53.87154664109787,411.39179493566945,7.6551521372028235,nominal,nominal
2024-01-01T03:42:00Z,29.312265463610537,25.455537276331142,-73.3331885336461,86.18365367298864,55.068554576949786,410.46752942208445,7.652447306976221,nominal,nominal
2024-01-01T03:43:00Z,29.19368216027316,25.782898023414315,-73.19146309455736,87.32171122120079,53.663552800354424,411.0248176268145,7.652088437436152,nominal,nominal
2024-01-01T03:44:00Z,29.29429946783158,26.01547803857248,-73.9746267104617,86.93808658016444,53.11976893931799,410.778237741025,7.655151879523887,nominal,nominal
2024-01-01T03:45:00Z,29.30155022053312,27.06257884412725,-73.3591737165102,86.44897015072605,55.03494205424236,410.8254857873935,7.6537955263020825,nominal,nominal
2024-01-01T03:46:00Z,29.5024135113049,26.50636838194792,-73.29287435503231,85.95596564265868,54.82372975565718,410.6480272421252,7.653225483047956,nominal,nominal
2024-01-01T03:47:00Z,29.43956584862851,26.698541926273357,-73.90624211343936,86.11507663005085,55.37975351720075,410.8513008973337,7.654416710534266,nominal,nominal
2024-01-01T03:48:00Z,29.188645644657026,25.81411531742979,-73.42101910218612,86.36016162260016,57.70275475308175,411.4371685050191,7.655347337035248,nominal,nominal
2024-01-01T03:49:00Z,29.234340404870395,25.79723339317736,-73.44419097159222,86.31790999160192,54.752682753646596,410.48802058301294,7.652157612136687,nominal,nominal
2024-01-01T03:50:00Z,29.123243061982446,26.47628038326411,-73.97253446876964,86.23387229240721,54.976836686392495,410.49895980641566,7.653575897605377,nominal,nominal
2024-01-01T03:51:00Z,29.196518647171565,26.274634841062348,-74.25683440238056,86.23453676080351,52.545029313837,410.44169389037853,7.656426177331819,nominal,nominal
2024-01-01T03:52:00Z,29.272798597514377,26.4689032044451,-74.31088701339797,86.12550193658895,52.142874625716246,411.3328726432926,7.652460303216189,nominal,nominal
2024-01-01T03:53:00Z,29.347616208041796,26.110994964891475,-73.76562559532606,85.54655647977127,56.35906720619093,410.6582626955498,7.655289464816779,nominal,nominal
2024-01-01T03:54:00Z,29.168151374305555,26.294009275416975,-73.68400096053242,85.93641476454002,52.51092899180802,410.7715380142373,7.6531690525193845,nominal,nominal
2024-01-01T03:55:00Z,29.16956051905814,26.21332208152852,-74.21446813038484,86.5537493176153,52.24131220386778,410.6406107798823,7.654625918950846,nominal,nominal
2024-01-01T03:56:00Z,29.029828647561704,26.465418626279128,-73.87261329521236,85.4996728672929,53.659429288811545,410.46028867060636,7.6553640689314415,nominal,nominal
2024-01-01T03:57:00Z,29.203082814956957,26.451767465905014,-73.65464459470768,86.00331375883734,53.49342384336725,410.6551972987023,7.654740635113911,nominal,nominal
2024-01-01T03:58:00Z,29.116731609723157,25.332802136476293,-73.66006964444803,85.69285526600571,52.18538868684369,411.4453027710227,7.65490288784983,nominal,nominal
2024-01-01T03:59:00Z,29.159314536042828,25.023549572625477,-73.26683352341603,86.084928115758,52.991941580359885,411.10750155797814,7.651722011108318,nominal,nominal
2024-01-01T04:00:00Z,29.122651759971745,26.458631578977325,-73.41751247547674,85.83296121855408,55.20355074325565,410.4160160880184,7.655029976726893,nominal,nominal
2024-01-01T04:01:00Z,29.187681664056583,26.515302761664426,-74.46975467504387,86.64565361893517,52.060431152407496,410.8481565440495,7.651990381893704,nominal,nominal
2024-01-01T04:02:00Z,29.032557673166586,25.494485783162407,-73.28862006376447,86.18172856132904,51.08871174659544,410.38638726282903,7.6535685331215015,nominal,nominal
2024-01-01T04:03:00Z,29.0532999146441,25.089744000700925,-74.3122694934036,85.33635850904672,54.50279021017122,410.08486966411044,7.653476269059317,nominal,nominal
2024-01-01T04:04:00Z,29.371540763555778,25.944108286819397,-73.63026461702935,86.20159522259232,53.73692075912757,410.9055483535435,7.653726159229525,nominal,nominal
2024-01-01T04:05:00Z,29.05860976180433,26.291266172452694,-74.09701704768206,85.52379563527703,51.97718530434352,410.9296205010564,7.653413398249407,nominal,nominal
2024-01-01T04:06:00Z,29.070332052939065,26.654131310095345,-74.34025344530573,85.58556540788001,50.4441287258093,410.87729152531426,7.651551664282213,nominal,nominal
2024-01-01T04:07:00Z,29.328926580681816,26.050355723110144,-74.99544177123423,85.95924037471269,51.60980435089045,410.4043883023438,7.6507019382671055,nominal,nominal
2024-01-01T04:08:00Z,29.419619621297638,25.62354536686646,-74.28638614926733,85.56953154145147,52.55400294582616,410.4771792000194,7.653944582621043,nominal,nominal
2024-01-01T04:09:00Z,29.047280355133026,25.361697978923356,-74.93811569725098,86.16539187598187,54.293863996947536,410.7340008385218,7.6528241077284,nominal,nominal
2024-01-01T04:10:00Z,29.114136242161766,25.741546322615253,-73.8283221025073,85.38786371368244,50.89977117557371,410.60837763878004,7.654178709399315,nominal,nominal
2024-01-01T04:11:00Z,29.172576423518645,25.574513002921613,-73.60826118461735,85.43065617100387,52.237160576632725,410.3546968383909,7.652296840997619,nominal,nominal
2024-01-01T04:12:00Z,29.291978424863608,25.225197626757545,-74.67663176084801,85.38661128223886,53.28597760429406,409.96893057685486,7.6501655140734375,nominal,nominal
2024-01-01T04:13:00Z,29.042140107941478,26.576726267888578,-74.20932694086623,85.40024878824033,48.610719739817455,410.4706867082427,7.653631815271507,nominal,nominal
2024-01-01T04:14:00Z,29.103447199746217,26.430936810337503,-74.69881515549854,86.12224722940157,53.64271601659184,410.74211024470753,7.651536480850192,nominal,nominal
2024-01-01T04:15:00Z,29.190051858372325,26.11167929023379,-74.68236074592771,85.88341571475848,50.22784875046983,410.04102843504563,7.652514529794911,nominal,nominal
2024-01-01T04:16:00Z,29.153794959972707,25.158947387339435,-74.07814731690705,86.34280484565896,52.409093461363874,410.5738478587385,7.65093991107846,nominal,nominal
2024-01-01T04:17:00Z,29.075392725200608,25.930992553990368,-74.47110835977294,86.56667374981126,52.19080425127142,410.46361841391115,7.654287232092207,nominal,nominal
2024-01-01T04:18:00Z,29.091790639254246,25.8070054145775,-73.69798485082761,85.05535086593387,53.35745802154057,410.5711601658387,7.65041573119807,nominal,nominal
2024-01-01T04:19:00Z,28.974690147239873,25.691299380857675,-74.72485076545046,85.52384245726314,52.466899404559825,410.5896952165596,7.651134368202061,nominal,nominal
2024-01-01T04:20:00Z,29.071600278536508,65.0,-74.08511907291533,84.9358894349816,47.9846628539755,410.10178014573654,7.6517117716456164,safe_mode,critical
2024-01-01T04:21:00Z,29.063676219108675,25.724172480334985,-74.51790849812159,85.08833279856069,50.28368268275739,409.8070824906488,7.649822578062861,nominal,nominal
2024-01-01T04:22:00Z,29.103172542260364,25.74439266730695,-74.2305136346451,85.12784913135494,51.57859523059658,410.11420164960845,7.651867066829449,nominal,nominal
2024-01-01T04:23:00Z,29.026935890068106,25.67118452632658,-74.81664424698938,84.90885700544688,50.98945250018395,410.5231226611308,7.653699788045565,nominal,nominal
2024-01-01T04:24:00Z,29.11400476836482,25.511187640279726,-74.66446997021943,84.8844822338745,51.90918778356441,410.075953166728,7.650457078447889,nominal,nominal
2024-01-01T04:25:00Z,29.157375503901303,24.528530393116224,-74.72081909419691,85.2662274311535,52.287901171796584,410.0125572705011,7.65169656556684,nominal,nominal
2024-01-01T04:26:00Z,29.074899257328305,25.342182574025472,-75.07167261248989,84.75702980091684,51.92785456861359,409.6566302902164,7.646891023884912,nominal,nominal
2024-01-01T04:27:00Z,29.08726392956468,25.027742882561657,-74.42403404539446,85.6569863956557,50.60535179964751,410.7111471090611,7.650868370412753,nominal,nominal
2024-01-01T04:28:00Z,29.05510170285373,24.675660176920594,-74.45579933963113,84.83859951602072,48.06912317618129,410.415439831,7.650369065263973,nominal,nominal
2024-01-01T04:29:00Z,29.045054753230453,25.98205326794648,-74.50766459803137,86.4895418258045,50.06756409092148,410.38112598722313,7.649523039560588,nominal,nominal
2024-01-01T04:30:00Z,28.974854869571324,25.977023366349467,-74.10938999278616,84.99585246001692,51.28780376537811,410.4229679246678,7.652285427247613,nominal,nominal
2024-01-01T04:31:00Z,29.06304693734328,25.784461539096434,-74.17498257048027,85.20522020782607,48.94037001771898,410.288220687772,7.6500866753741095,nominal,nominal
2024-01-01T04:32:00Z,29.020594372529622,25.261596869519337,-75.02197427849791,84.56384729892449,51.436081534963016,410.0245352314023,7.65022295320914,nominal,nominal
2024-01-01T04:33:00Z,29.21254429987691,25.728577064794464,-74.71133069633885,85.8885370515232,51.76524248045352,410.0314012756739,7.64983686322237,nominal,nominal
2024-01-01T04:34:00Z,29.16059227040215,25.10037557716772,-75.1856686642693,85.5987269522582,50.506805950766754,409.93503178788694,7.647441281678676,nominal,nominal
2024-01-01T04:35:00Z,29.048570802245017,25.16048183717865,-74.9202670451738,85.2028352044059,45.635073742446906,410.8365709347076,7.6485327638818,nominal,nominal
2024-01-01T04:36:00Z,28.94004776435331,24.5515524494213,-75.22627268597431,84.43755341917837,48.228249343029596,410.1958499868093,7.651587022116278,nominal,nominal
2024-01-01T04:37:00Z,28.90350910617179,25.19677678027597,-74.25283766763727,85.11293078822759,52.88971938200578,409.87294699642894,7.646895509673852,nominal,nominal
2024-01-01T04:38:00Z,29.105758057952816,25.019949628665067,-74.84355987147158,84.48813199016632,49.1561131800377,410.13483300616593,7.648826446845157,nominal,nominal
2024-01-01T04:39:00Z,29.017158403354216,24.381361412879354,-75.13055824219214,85.62561473401787,46.91563471682272,409.6751092349463,7.649292269467082,nominal,nominal
2024-01-01T04:40:00Z,29.031707282758102,24.919433181946808,-74.52039976040035,85.3066095115982,51.66111069001299,410.4129999370863,7.652423672408485,nominal,nominal
2024-01-01T04:41:00Z,28.82649355410747,24.88165316094016,-76.0592454697322,84.96047903199522,49.74513826956793,409.74670024770836,7.650878010530497,nominal,nominal
2024-01-01T04:42:00Z,29.062017072032145,25.701640568449626,-76.01360812422983,83.79636899499825,51.29987087830171,410.0788176587597,7.648806704354286,nominal,nominal
2024-01-01T04:43:00Z,29.014517035655388,25.27049202391152,-74.77377657907063,84.42555883568392,49.975758099763986,410.2318573063099,7.651517090632609,nominal,nominal
2024-01-01T04:44:00Z,28.868783197602493,24.848760243590142,-75.12917940234821,85.15310230521891,50.16653802431485,410.0111704272608,7.648367925589246,nominal,nominal
2024-01-01T04:45:00Z,28.921419509724736,24.931238001386635,-75.06801545290652,85.36508137325156,49.942126244825594,409.90786347219665,7.650911262078855,nominal,nominal
2024-01-01T04:46:00Z,28.98275896986863,24.815017677529596,-75.80175613911064,85.29424852255417,50.36330615915719,409.86665536371197,7.6472787578223915,nominal,nominal
2024-01-01T04:47:00Z,28.95894786975446,24.679817996353986,-75.23932588037067,84.05472343850333,52.653243304540766,409.83048719727515,7.65084698437939,nominal,nominal
2024-01-01T04:48:00Z,28.923166501057075,24.260217300072252,-74.3511112264224,84.8830080769628,50.61420796692872,409.65853014591977,7.648548497994784,nominal,nominal
2024-01-01T04:49:00Z,28.93541947760041,24.655693763708616,-74.90544306246014,85.18064895604905,46.70838138533749,409.68093304349026,7.647536134000694,nominal,nominal
2024-01-01T04:50:00Z,28.91736328070078,24.36446200820337,-75.22342583098873,83.953955219185,49.67067968524169,410.2440145945599,7.648674971992709,nominal,nominal
2024-01-01T04:51:00Z,28.949116842147305,24.11428908777499,-75.52064317925681,84.67337404837247,50.635324753122845,409.752059730388,7.6493391198705485,nominal,nominal
2024-01-01T04:52:00Z,29.06320344660162,24.88389566170756,-75.52371193818006,84.77707492439998,50.650204027008115,409.53349168262594,7.648104030171416,nominal,nominal
2024-01-01T04:53:00Z,28.695191671306077,24.807023751919427,-76.32718439519054,84.49561059176843,48.129941375242915,409.59908049090785,7.649600779108825,nominal,nominal
2024-01-01T04:54:00Z,28.900335799300247,23.804243235414972,-75.27580019505487,83.77478878060006,50.44162205288422,410.0689522812296,7.647819714559606,nominal,nominal
2024-01-01T04:55:00Z,28.93304027819633,24.530562714491246,-75.0337617998191,84.43920665183089,50.01084960387365,409.9265291908587,7.649549794595445,nominal,nominal
2024-01-01T04:56:00Z,28.939336710041324,25.0115518785024,-76.14554244237934,84.41619881123268,52.40373033827937,409.87708959003464,7.649208287275879,nominal,nominal
2024-01-01T04:57:00Z,28.874810084816215,25.01806266817899,-75.75622561586242,84.47477940362916,47.346370681212726,409.6170182974442,7.648379988703524,nominal,nominal
2024-01-01T04:58:00Z,28.74580543361796,24.98117854950351,-76.00130711429989,84.26598982876386,47.637405702749874,409.851710054522,7.647736433098802,nominal,nominal
2024-01-01T04:59:00Z,28.929101623698973,24.515421093929174,-75.93649788684041,84.29855468186487,47.867188596721796,409.47220509639715,7.64855367836306,nominal,nominal
2024-01-01T05:00:00Z,29.050759606339653,24.096220037738266,-75.49944283260575,84.45862260826826,47.51963489268979,409.57310941414585,7.649080348732299,nominal,nominal
2024-01-01T05:01:00Z,28.75301181281513,23.967632223976782,-76.48268427345691,84.65440126852427,46.84929119631429,409.9278058104095,7.651277021050057,nominal,nominal
2024-01-01T05:02:00Z,28.964611075326193,24.58940497760444,-75.28924553227255,84.29734072718128,43.970429309711974,409.8851718173202,7.64952357320092,nominal,nominal
2024-01-01T05:03:00Z,28.85315322155452,24.584278473642236,-75.24716276035194,84.2292604404123,47.39329231667501,409.3144953516667,7.649509326451984,nominal,nominal
2024-01-01T05:04:00Z,28.873102713415392,24.972408522922223,-75.71988664191666,84.43466883991445,48.531068831883005,409.33874841259404,7.652609800034623,nominal,nominal
2024-01-01T05:05:00Z,28.77981067197196,24.867848532330505,-76.74346113981646,83.50844552302375,47.16969286399637,409.6145157722951,7.648683463347408,nominal,nominal
2024-01-01T05:06:00Z,28.840469073793145,24.293347751086834,-76.09553773517521,84.56751645377777,50.74590726371321,410.0864068100848,7.6485698007553875,nominal,nominal
2024-01-01T05:07:00Z,28.983622421894037,23.773199396368266,-75.11210208779814,84.33283864815031,47.79703719192599,408.98072514522977,7.648832996084335,nominal,nominal
2024-01-01T05:08:00Z,28.91515606875591,24.169987516230172,-76.93651194144277,84.33144757185399,49.648495199059795,409.62589020512786,7.646198502649901,nominal,nominal
2024-01-01T05:09:00Z,29.014774953461355,24.39208858253704,-75.86205099061478,84.72666498328982,48.03991243533596,409.11674336377627,7.646981929361613,nominal,nominal
2024-01-01T05:10:00Z,28.96103562011773,24.184405290123472,-76.25565759976156,83.39657576202698,48.824086800002235,409.3265958689748,7.646825221935124,nominal,nominal
2024-01-01T05:11:00Z,28.89084051901553,23.9965612409244,-75.38132977472748,83.36838834812282,47.94090762943151,409.39508053428693,7.648493466264361,nominal,nominal
2024-01-01T05:12:00Z,29.004584208937118,24.351948674646536,-76.06565077055448,84.36136223830566,49.51367864088894,409.3659478355757,7.6471992398497015,nominal,nominal
2024-01-01T05:13:00Z,28.883500766170677,23.993175925786375,-75.59826378124782,84.21675432461332,47.483765389935776,409.3198324910496,7.647607191502948,nominal,nominal
2024-01-01T05:14:00Z,28.914926166949254,23.91940641751116,-75.54350665618632,84.27861577962395,48.08430157942511,409.4701862215713,7.6489713024475146,nominal,nominal
2024-01-01T05:15:00Z,28.810186926791122,24.324545338482793,-74.98930680907525,83.97643437921865,47.83080461062921,409.29568437204165,7.6485760313182105,nominal,nominal
2024-01-01T05:16:00Z,28.839394404837304,23.986129745991732,-75.92429746760405,84.46598556045784,46.79099316964194,409.0059470559104,7.646980839852271,nominal,nominal
2024-01-01T05:17:00Z,28.767220639292567,24.259790891988228,-75.68083611672185,84.56963139629399,47.77395320154691,409.66725682838876,7.646161487077843,nominal,nominal
2024-01-01T05:18:00Z,28.915692009648478,24.25608908795816,-76.53512768793264,84.35093930995289,50.46207029487888,409.64795983526113,7.648813403023063,nominal,nominal
2024-01-01T05:19:00Z,28.71728059968847,23.60389657835281,-75.34767426767378,83.99926682256196,46.649870016336905,409.66404537890276,7.648216302200845,nominal,nominal
2024-01-01T05:20:00Z,28.890496343667955,23.883865558512383,-76.2418049173803,83.15196383982533,47.63061088678592,408.938062360622,7.644592028320064,nominal,nominal
2024-01-01T05:21:00Z,28.79974213110163,24.731503254347878,-76.16783574245403,84.43065992500216,48.83501386425572,409.4793445333655,7.64647861452959,nominal,nominal
2024-01-01T05:22:00Z,28.919188504600186,23.545945550210213,-75.94113017674151,84.61865923073856,48.606651024551894,409.5820478773692,7.647144544296161,nominal,nominal
2024-01-01T05:23:00Z,28.878290232254926,23.10106561430883,-76.64973783905735,84.34361140173837,46.86277501439762,409.0596794570318,7.6480134449635,nominal,nominal
2024-01-01T05:24:00Z,28.97156673284677,23.200712574333657,-75.85851059368919,83.6427038009774,43.220059923206584,409.3617805699831,7.648160295220053,nominal,nominal
2024-01-01T05:25:00Z,28.870536226058167,24.03693199523795,-75.5408076579053,84.32703999642894,47.52116262556753,409.3143416859259,7.647171967399358,nominal,nominal
2024-01-01T05:26:00Z,28.660402737621066,24.023344578264002,-75.85874797627692,84.39667017173194,43.36889462256304,409.89226639967,7.647575977307536,nominal,nominal
2024-01-01T05:27:00Z,28.79304291537062,23.94241861971598,-76.71966039922314,84.69681081616687,48.85605086193613,409.90757781420865,7.6467473502190915,nominal,nominal
2024-01-01T05:28:00Z,28.690833419470895,24.527955757039962,-76.0741438484262,83.58732086811956,46.85944525353034,408.821739971349,7.64559445691447,nominal,nominal
2024-01-01T05:29:00Z,28.746977804487347,22.76533945660522,-75.6979720421577,83.86621038845666,48.059894201479786,410.0602547360528,7.64616848658511,nominal,nominal
2024-01-01T05:30:00Z,28.927006552388793,24.13315021046331,-76.89011497771523,84.29125238998398,45.163433182626555,409.02875226163366,7.6465450866698585,nominal,nominal
2024-01-01T05:31:00Z,28.845811630881244,24.644815130313848,-76.54147676671573,83.96800247164941,44.14513192172405,409.5889806146331,7.646421874256647,nominal,nominal
2024-01-01T05:32:00Z,28.72303253682253,23.422180032771806,-75.67587400119024,83.42688395605,46.823402832788666,409.57760364557447,7.643603911899913,nominal,nominal
2024-01-01T05:33:00Z,28.692269984151203,23.746609805348744,-75.96093431895702,84.10410006391622,46.34133729224644,408.9796414223836,7.645795517449787,nominal,nominal
2024-01-01T05:34:00Z,28.78408927232437,23.566893057074665,-75.90891836821542,84.16609215504437,45.61500349352273,409.4184432847034,7.646436623212392,nominal,nominal
2024-01-01T05:35:00Z,28.669349342836412,23.49174306066868,-75.26902855516593,83.93378208475252,46.44098785911103,409.23053906432256,7.645891940950154,nominal,nominal
2024-01-01T05:36:00Z,28.716204998943972,23.73622021728795,-75.9061131301239,83.98185133677929,50.4279475698761,409.42165774775526,7.64590655803856,nominal,nominal
2024-01-01T05:37:00Z,28.802523788503404,24.51458305797698,-75.83173571498611,83.75579702456038,47.492503922116775,409.31734481092684,7.64697270265727,nominal,nominal
2024-01-01T05:38:00Z,28.876324214511133,24.688554660277024,-74.91843385644412,84.52695617737986,47.78001676315377,409.60005561648285,7.644587333073786,nominal,nominal
2024-01-01T05:39:00Z,28.825106169758975,23.700415535025815,-76.24462386484686,83.44627670362317,47.43786595830963,409.2570119871397,7.643729897300053,nominal,nominal
2024-01-01T05:40:00Z,28.56214181520727,24.699066451234497,-76.51725788872284,83.57749501166178,48.358491065463234,409.17749734910916,7.64561704316343,nominal,nominal
2024-01-01T05:41:00Z,28.793860244070327,23.8483456069311,-75.97515542850077,83.8372796733754,45.822679798275615,409.5503767314425,7.647253958915879,nominal,nominal
2024-01-01T05:42:00Z,28.77112915634752,24.612391635798435,-75.97922336299206,84.21875998624834,42.99529361776356,409.38960590531286,7.6486087651385075,nominal,nominal
2024-01-01T05:43:00Z,28.800145069606437,23.772490327270393,-76.42254720676132,83.14065679307193,45.76536986587254,409.4291938313726,7.647221441424024,nominal,nominal
2024-01-01T05:44:00Z,28.906672910265613,23.865046216305792,-76.65850846421465,83.21643665719058,47.23783754694485,409.00467079471247,7.643817838342147,nominal,nominal
2024-01-01T05:45:00Z,28.573912336643517,23.962482420469,-75.16255110227974,82.88104107929911,44.53869576659314,408.88510043743355,7.645644845500201,nominal,nominal
2024-01-01T05:46:00Z,28.70486521418869,25.22080676799483,-76.06259782604594,83.8050354636434,45.703193115197465,409.0232317652105,7.646352693612553,nominal,nominal
2024-01-01T05:47:00Z,28.809778170027982,24.166061513563065,-76.54654541674803,83.27974538713997,44.90562206843957,409.00240892088436,7.646209663358329,nominal,nominal
2024-01-01T05:48:00Z,28.61285684921669,23.45773268735956,-75.81182963813646,83.60295417632966,48.173049630557095,409.41986093115435,7.646728962582207,nominal,nominal
2024-01-01T05:49:00Z,28.886711486040863,24.205429400204373,-76.27973495962236,84.0670005440315,47.02212005171062,409.4723821208084,7.64452236110891,nominal,nominal
2024-01-01T05:50:00Z,28.785776181039967,23.600295787796597,-76.35067622135847,83.47442620513227,46.85437902924778,409.12887453279666,7.645974482729608,nominal,nominal
2024-01-01T05:51:00Z,28.82763724025001,23.536835825314974,-75.98975380001797,83.86130031785503,46.78981332841652,409.6007579773943,7.646487895603399,nominal,nominal
2024-01-01T05:52:00Z,28.6989532113672,24.160561316472258,-76.82965631618346,83.61698864603252,45.78309513624117,409.5783346211434,7.647077475445025,nominal,nominal
2024-01-01T05:53:00Z,28.82254346688838,23.760512188454133,-76.09479408428015,84.04897511575051,46.1180800036483,409.2373687908916,7.644613168329939,nominal,nominal
2024-01-01T05:54:00Z,28.844507162384122,23.867082773255856,-75.39744672479516,83.95553124203215,44.02796850162,408.91458154302074,7.645288010071554,nominal,nominal
2024-01-01T05:55:00Z,28.768417372900576,23.743585105280538,-76.05292829657004,83.4259215921626,42.51130955001133,409.6308074984581,7.641735245998027,nominal,nominal
2024-01-01T05:56:00Z,28.76774193721123,23.8846916913142,-76.43606616236082,83.65733599531154,46.00255264332338,409.1371809842526,7.64484523799644,nominal,nominal
2024-01-01T05:57:00Z,28.77023835535554,23.92077197294718,-76.49866005709181,84.19922184807513,46.25110978141125,409.1908744383299,7.644978502057548,nominal,nominal
2024-01-01T05:58:00Z,28.667542310503517,22.854581801932877,-76.45843606635498,83.90323651326466,47.567953258139106,409.0489297734182,7.6442246796432505,nominal,nominal
2024-01-01T05:59:00Z,28.73137623778064,24.023226795885655,-76.39101411011012,83.09463616902336,48.1012340408281,408.8819089654517,7.645992648542053,nominal,nominal
2024-01-01T06:00:00Z,28.73041192870653,23.27878604421257,-76.44931815660502,84.01572291066333,48.09064700461911,408.7065380263295,7.645651731129053,nominal,nominal
2024-01-01T06:01:00Z,28.778204421943418,23.069460259756273,-75.86916498075844,83.2304200906617,44.23128084591921,409.3355237442392,7.6423394954194945,nominal,nominal
2024-01-01T06:02:00Z,28.833318218872073,23.690385123514332,-77.0632739131933,84.3523010647332,45.19383639174447,408.90942647266485,7.6460454958981225,nominal,nominal
2024-01-01T06:03:00Z,28.6477760499216,23.753012937989784,-75.89687849081626,84.17606596442674,46.437906398816324,410.0613403596979,7.644324918758811,nominal,nominal
2024-01-01T06:04:00Z,28.731579084625842,23.40207171271549,-76.45670944954112,83.8445979509363,49.511688639189984,408.8169442497316,7.646442365061364,nominal,nominal
2024-01-01T06:05:00Z,28.87602196541408,24.087419166574445,-76.11691866581322,83.78420961017015,47.931664907650394,408.7650884779215,7.643788739230486,nominal,nominal
2024-01-01T06:06:00Z,28.675704680361612,23.10915927990681,-76.79400645481668,83.61907358956137,47.38955609224329,409.2951336845332,7.6457554701570425,nominal,nominal
2024-01-01T06:07:00Z,28.66863746564917,23.530075149078854,-75.68891618389125,84.01853561415652,45.128984186764406,409.60092726770785,7.645285921126759,nominal,nominal
2024-01-01T06:08:00Z,28.760935655501527,23.450447130463747,-75.72582377673906,83.54679031492567,44.387335523879315,409.1618038912054,7.6461667877980375,nominal,nominal
2024-01-01T06:09:00Z,28.818886762537648,23.69349620531714,-75.85372378644263,83.82046691875779,46.898230081640996,409.3146463773694,7.645901914173044,nominal,nominal
2024-01-01T06:10:00Z,28.74416037299427,23.8411490680603,-76.96597950913805,84.1080306049028,44.067875236878606,408.5907092014084,7.645336120870698,nominal,nominal
2024-01-01T06:11:00Z,28.86305440645314,23.263687939238455,-75.90965575145123,83.46442682198254,45.36647802875971,408.94157304733847,7.643419724084164,nominal,nominal
2024-01-01T06:12:00Z,28.82095137501425,24.045126787771625,-76.0986156276476,83.44191284992051,45.558498352884854,408.8240483365363,7.6435148533311965,nominal,nominal
2024-01-01T06:13:00Z,28.82007175699612,23.749890820630707,-77.00083230632957,83.18407528855408,48.12783398328451,408.5791794149357,7.644862635440962,nominal,nominal
2024-01-01T06:14:00Z,28.79472256272438,22.872884574035695,-76.28667343467082,83.24524765226927,45.215488672313995,409.18460099555784,7.6457351148008605,nominal,nominal
2024-01-01T06:15:00Z,28.954961084551076,22.84599537942098,-76.10859795233539,82.90458363745097,42.09899730080655,408.47872606524993,7.644845499837866,nominal,nominal
2024-01-01T06:16:00Z,28.727704079705827,23.725299476700663,-76.01892296826072,84.05926611357584,46.526144166556534,408.7572366491863,7.646707295090931,nominal,nominal
2024-01-01T06:17:00Z,28.566624034789335,23.63526991237275,-76.1855271794964,84.54871674931385,44.73381790493282,408.9953119987137,7.645363519305771,nominal,nominal
2024-01-01T06:18:00Z,28.892172399027096,23.69240848134419,-76.1299983299659,84.38034555701442,45.86043831149922,408.9099126041832,7.644348972687673,nominal,nominal
2024-01-01T06:19:00Z,28.707521039961005,23.730977838297015,-75.5933049297505,83.01183192385368,45.68184276118887,409.2813025131526,7.64539475537297,nominal,nominal
2024-01-01T06:20:00Z,28.759423676581452,23.850074110732475,-110.0,84.07475678515318,45.41801794944967,409.257388846206,7.646167363697652,safe_mode,critical
2024-01-01T06:21:00Z,28.868650348359953,24.18039625804425,-110.0,84.39390179107812,47.03202398471877,409.437442246189,7.6463338401902785,safe_mode,warning
2024-01-01T06:22:00Z,28.60773960511523,23.25971761363978,-110.0,83.55415032772028,43.56641874597987,409.3988583325156,7.648683284761499,safe_mode,warning
2024-01-01T06:23:00Z,28.640522631230773,23.23846718569627,-110.0,83.81150574629416,45.11066000424056,409.5194801051428,7.644882817331667,safe_mode,warning
2024-01-01T06:24:00Z,28.610359423088678,23.28037645109755,-110.0,82.86882031428478,46.93396416016564,409.1810059380952,7.645797689298105,safe_mode,warning
2024-01-01T06:25:00Z,28.684381257140508,23.909280116439877,-110.0,83.89929889180344,45.00976489102998,409.2772184810543,7.6465700779742765,safe_mode,warning
2024-01-01T06:26:00Z,28.796875309152483,24.346766393445655,-110.0,83.30793819480914,43.54192351294424,409.3444808259456,7.645919999138048,safe_mode,warning
2024-01-01T06:27:00Z,28.806014682102195,23.600086134037443,-110.0,83.8840246393054,46.98346261903585,409.2386229300475,7.645229702385167,safe_mode,warning
2024-01-01T06:28:00Z,28.785307337078095,22.67644837482078,-110.0,83.09967198970762,47.69201962797106,409.0823172434866,7.643683491917793,safe_mode,warning
2024-01-01T06:29:00Z,28.634973580000143,23.043815759577605,-110.0,84.0548987487672,45.96788234770974,409.1073422715329,7.6452691233205945,safe_mode,warning
2024-01-01T06:30:00Z,28.555967841773793,23.444519230095448,-110.0,84.28041645929567,43.123350786807876,408.9676563174034,7.644454065565435,safe_mode,warning
2024-01-01T06:31:00Z,28.770598225312334,23.577554013763137,-75.5066408514875,83.47610107536416,47.15406133050151,409.3455063910636,7.643505196688767,nominal,nominal
2024-01-01T06:32:00Z,28.72515022649119,23.65427546532858,-76.40610067145711,83.32643518595852,43.637002669847824,409.19716234617,7.644933316229472,nominal,nominal
2024-01-01T06:33:00Z,28.810932664700157,23.865301231569724,-75.94406465371692,82.87772935708081,46.62299800269995,409.03300769229446,7.644589161506278,nominal,nominal
2024-01-01T06:34:00Z,28.83481563790332,23.717913208846937,-76.9838490945104,83.73831296738321,44.86280112194354,409.04012592601396,7.647069676676996,nominal,nominal
2024-01-01T06:35:00Z,28.786207167301463,24.341030016825435,-75.29312990529141,83.60710992165417,44.489665044952574,408.88276517638576,7.647131061729725,nominal,nominal
2024-01-01T06:36:00Z,28.844376561857732,23.57561513331292,-75.84898347829255,83.1818641853129,45.60321137727892,409.54686768295085,7.644910257468528,nominal,nominal
2024-01-01T06:37:00Z,28.798866019140807,23.503141895588254,-76.19093995184038,84.09504341769272,46.029003589866605,409.284375285761,7.645913606978663,nominal,nominal
2024-01-01T06:38:00Z,28.828288230847907,24.118406029053084,-75.83809203378117,83.70042536487979,45.37672774681659,409.00976801860725,7.643555676129228,nominal,nominal
2024-01-01T06:39:00Z,28.719579949599677,23.223963784823084,-76.71941602673667,83.4309215348995,47.26639730495552,409.51923280240715,7.645641832462359,nominal,nominal
2024-01-01T06:40:00Z,28.769326087902233,24.102816843129332,-75.54040559047597,83.67789799319713,45.75574785142952,409.1168357408853,7.6470233247701715,nominal,nominal
2024-01-01T06:41:00Z,28.805763672159866,23.98641804998052,-76.2055240316697,84.42235615982203,47.9378500318534,408.87156255676547,7.647704970558768,nominal,nominal
2024-01-01T06:42:00Z,28.864535919999348,23.887092665595716,-76.1383894957129,84.22476341074874,46.93323236866152,409.608661210805,7.64544190199766,nominal,nominal
2024-01-01T06:43:00Z,28.757957688525188,24.681696218344158,-76.25427305660747,83.90846024245268,45.51023742386217,409.1501855498815,7.648134355524548,nominal,nominal
2024-01-01T06:44:00Z,28.843076653206246,23.700864650569144,-76.28043513028375,84.25945525926096,45.30395017742413,409.19790227357186,7.644329322120903,nominal,nominal
2024-01-01T06:45:00Z,28.77509413943946,24.922232330295056,-75.692300071208,83.4726877731852,44.179082729959596,409.34241944181093,7.644778885479816,nominal,nominal
2024-01-01T06:46:00Z,28.791359334306684,23.908246494678433,-75.87515127062203,84.02425719215825,47.1350685895705,409.6825705313911,7.647763461621228,nominal,nominal
2024-01-01T06:47:00Z,28.879583442539595,23.449976243550548,-75.68207969258148,84.09092869250607,46.216897491746806,409.3557669497847,7.649255460655469,nominal,nominal
2024-01-01T06:48:00Z,28.628609616980448,24.07138906332428,-75.96403235839189,83.82849882305219,43.24145754749341,409.0002150300741,7.647539898821864,nominal,nominal
2024-01-01T06:49:00Z,28.694430195128874,23.57125318313457,-75.71349656173726,84.25151977445884,46.04830610177262,409.533538783419,7.646791364831126,nominal,nominal
2024-01-01T06:50:00Z,28.680912605271782,23.733256323692093,-76.11693547955811,83.72035140061816,45.55360380681146,409.2355340528602,7.643612379230911,nominal,nominal
2024-01-01T06:51:00Z,28.607548947261574,24.266536975246577,-74.9087486811261,84.31729130873886,49.32308968905467,409.9582918516186,7.6439259027167346,nominal,nominal
2024-01-01T06:52:00Z,28.759863803711397,24.354549956519378,-76.6010306707669,84.3528744638159,44.46095880424944,409.40268942781853,7.647209241027434,nominal,nominal
2024-01-01T06:53:00Z,28.89175752470371,23.841566903526637,-75.31103583575562,82.80882042232736,44.90978169586908,408.74385092972443,7.646534713891113,nominal,nominal
2024-01-01T06:54:00Z,28.8021369994083,24.583215142184535,-75.2455588202619,84.67452039349321,48.79456388770407,409.53313137625577,7.645470856649817,nominal,nominal
2024-01-01T06:55:00Z,28.849112531132363,24.6774356098975,-76.22691434389652,82.78512246437924,49.22366846548925,410.0210840835368,7.647286822600539,nominal,nominal
2024-01-01T06:56:00Z,28.932942158439914,24.820898709133193,-74.82226395657008,83.89734085717947,46.13106865417725,409.9224846990167,7.647421240113529,nominal,nominal
2024-01-01T06:57:00Z,28.95807132159319,24.431133881652077,-75.35913152422911,84.6543044638615,46.361530760604964,410.0112181855906,7.648726283297629,nominal,nominal
2024-01-01T06:58:00Z,28.83608948142666,24.825102398198656,-75.3514279691696,84.06878045139649,48.29621802069693,409.1684449295589,7.647576768350386,nominal,nominal
2024-01-01T06:59:00Z,28.96793179496157,23.38418603191327,-75.75684469133677,83.5707616323903,43.94450138625401,409.76067593512744,7.649277742634174,nominal,nominal
2024-01-01T07:00:00Z,28.858261970288076,24.10679490826223,-75.84789891605337,83.75767117737253,44.7077189903918,409.28330354150904,7.647511500561473,nominal,nominal
2024-01-01T07:01:00Z,28.778530056888336,23.879327119818488,-75.82475448700379,84.73158707100832,47.143831515937364,409.5802731432678,7.6473919291250025,nominal,nominal
2024-01-01T07:02:00Z,28.804388484190216,24.343074216947844,-75.53483865221571,83.42474554069362,49.95624444732874,409.1443959910051,7.649227876877506,nominal,nominal
2024-01-01T07:03:00Z,28.728687604405664,24.05252730404405,-75.05978672355216,84.8177254481155,47.04533637669184,409.34644957232354,7.6462312701888795,nominal,nominal
2024-01-01T07:04:00Z,28.78611742713401,24.25547634097282,-75.58816123211216,84.30545142528116,47.91889642043673,409.3506242373577,7.651989162412733,nominal,nominal
2024-01-01T07:05:00Z,28.838003207391065,25.198102242680637,-76.05902608382296,83.81454564788973,49.537762397475404,409.8369822817686,7.64839996470588,nominal,nominal
2024-01-01T07:06:00Z,28.94678368167824,24.29593124128167,-75.25670267225593,84.10990336713462,51.06801093215335,409.82175250294813,7.648478927711492,nominal,nominal
2024-01-01T07:07:00Z,29.033627144293902,24.579995840180413,-75.19169286667753,83.93603834394908,47.114024948426916,409.6789054504291,7.648766941619109,nominal,nominal
2024-01-01T07:08:00Z,28.758718275674525,24.3110518618264,-75.28983015190619,84.80537440067864,48.026655115374226,409.2052556147783,7.650867614913972,nominal,nominal
2024-01-01T07:09:00Z,28.922885164361862,24.471724440672936,-75.2268720309714,84.76724597548564,50.85859436898879,409.53161047720994,7.649314272654483,nominal,nominal
2024-01-01T07:10:00Z,28.798356540614527,24.462734981889746,-75.66189018287749,83.6864049654493,45.9167926728579,409.4161833722462,7.645792507617139,nominal,nominal
2024-01-01T07:11:00Z,28.939261144640348,24.6844378630812,-75.93535309181549,84.30107558005957,49.81701171714167,409.9160307492705,7.6503808456884625,nominal,nominal
2024-01-01T07:12:00Z,28.889331004923097,25.0300324084212,-75.88504302636338,84.11721046937005,46.82467342620802,410.02388480079514,7.647840801855583,nominal,nominal
2024-01-01T07:13:00Z,28.740994528764094,25.27020756437335,-76.20707819635419,85.11095975125856,48.58330943549424,410.0028358527772,7.648590333494099,nominal,nominal
2024-01-01T07:14:00Z,28.99402624325487,24.691726606927645,-75.34097555473579,83.94485296691164,48.14406332912801,409.47503255422055,7.6465891109419655,nominal,nominal
2024-01-01T07:15:00Z,28.860788471709096,24.841488778025443,-75.46135927314253,85.29809577641768,47.15029152997956,408.89560184951944,7.649376611958218,nominal,nominal
2024-01-01T07:16:00Z,28.872001437979264,24.082373268030917,-75.59773216987395,84.5852796643818,47.19288809906067,409.2034196286706,7.647690479555447,nominal,nominal
2024-01-01T07:17:00Z,28.82864289980421,24.585058550014363,-76.7054253868539,84.10173260123034,49.16329849338526,410.1762234828256,7.648898931403996,nominal,nominal
2024-01-01T07:18:00Z,28.870956836617253,25.072341916793274,-75.91208120376673,84.34443827479147,50.32401451756287,409.6457646232678,7.648404557017278,nominal,nominal
2024-01-01T07:19:00Z,28.9733270581958,25.063770479954016,-74.82153711420227,84.3133561143205,48.71901100410489,409.557505676298,7.651801134511492,nominal,nominal
2024-01-01T07:20:00Z,28.92281169379955,24.794442802176917,-75.59986327760926,84.12564014151218,49.10256447949697,410.2922770363103,7.651970785191616,nominal,nominal
2024-01-01T07:21:00Z,28.974501507924714,25.123486920402026,-75.11312410645797,84.76728172547512,49.9387932280914,410.19595440937746,7.649151801883978,nominal,nominal
2024-01-01T07:22:00Z,28.98262390528022,24.971099711180326,-75.87555375135575,84.19769269432179,47.71008748092426,409.8408377446646,7.649263482207497,nominal,nominal
2024-01-01T07:23:00Z,29.0740895477414,25.316287809936025,-74.576432539219,83.79498519978716,50.36337207501716,409.76274573516037,7.648693668862874,nominal,nominal
2024-01-01T07:24:00Z,28.92960762929615,24.932503535000418,-75.26252053265489,84.63143750248804,50.56998769348868,409.8285642457359,7.650999982485153,nominal,nominal
2024-01-01T07:25:00Z,28.832818153683608,24.668612543991657,-75.04080503558379,84.01739149761057,53.33436206812101,409.9539333635153,7.648935542814495,nominal,nominal
2024-01-01T07:26:00Z,29.067110197891814,25.006429467621555,-74.09809819165156,84.5168285113713,48.9535133874996,410.38354811906373,7.648885663761371,nominal,nominal
2024-01-01T07:27:00Z,28.946598168079962,23.563393048709813,-74.43544143689121,84.47306421797205,48.92007902364301,410.0481805725002,7.651075091021643,nominal,nominal
2024-01-01T07:28:00Z,29.082163690342266,25.081550433024777,-75.22870267792767,84.51720461923989,50.85095497953229,410.15730994434614,7.648890057529197,nominal,nominal
2024-01-01T07:29:00Z,29.02181815714943,23.294785313468378,-75.33037799837663,85.8370044805306,51.01722653608497,410.3084950892644,7.649731937731044,nominal,nominal
2024-01-01T07:30:00Z,28.981020494799964,24.188555829258885,-75.18238089259246,84.98949956781763,49.07775047857268,409.62517344142026,7.647508415036371,nominal,nominal
2024-01-01T07:31:00Z,29.029765389407448,25.19517366513984,-74.77866799346916,85.10229474876431,49.368181966992935,410.2210437642198,7.651029211500073,nominal,nominal
2024-01-01T07:32:00Z,29.179562621615734,25.23474565779191,-75.02749340439104,84.22047822266782,50.8778877773999,409.9248676776161,7.652977491928846,nominal,nominal
2024-01-01T07:33:00Z,29.19653812502628,24.52495643599423,-75.12981047819436,84.75376597692059,48.918788262422,409.2772043659729,7.651242002682724,nominal,nominal
2024-01-01T07:34:00Z,29.021534221105476,24.756003675872105,-74.2633188424633,85.17333577819132,49.63903100036956,409.4125155338827,7.652447530733713,nominal,nominal
2024-01-01T07:35:00Z,29.03542796397395,25.72179749775344,-74.94634039842295,84.64401604206623,50.484569327309586,409.76460075179574,7.649081026971991,nominal,nominal
2024-01-01T07:36:00Z,29.12363335477729,24.916045143818874,-73.83132620510663,85.54248698260967,51.94010370398865,410.24860610392886,7.650800682099797,nominal,nominal
2024-01-01T07:37:00Z,28.95646239803447,26.172173595499018,-74.79630639139384,84.62164599126221,49.63596692545628,410.1427128395472,7.6491281249631715,nominal,nominal
2024-01-01T07:38:00Z,29.068386770977835,25.1911882532816,-74.00455453538792,85.06318742607162,47.876597264323834,410.18334480362665,7.650298525638998,nominal,nominal
2024-01-01T07:39:00Z,29.041958893310042,25.405049027725997,-74.61777351165078,84.95770951014043,47.86321295915411,410.73290487689235,7.651896426376461,nominal,nominal
2024-01-01T07:40:00Z,29.078451130254543,25.978590435441184,-74.31567078592094,85.32494125283867,48.947536920330165,409.78660441961995,7.650989387440044,nominal,nominal
2024-01-01T07:41:00Z,28.981144927564642,25.339702802787496,-75.0453343726825,84.99252006816552,48.96605042436829,410.1789303940785,7.6488168404677666,nominal,nominal
2024-01-01T07:42:00Z,28.919070814033986,24.859604650848105,-75.07353220800537,85.18875730997705,50.803615335933344,410.2984369516168,7.649062987815557,nominal,nominal
2024-01-01T07:43:00Z,28.88158133359963,25.291371860931815,-74.45238310604901,85.23449067289415,49.35251048358441,410.0062842078347,7.649064084816745,nominal,nominal
2024-01-01T07:44:00Z,28.97363655435254,25.35498079132249,-74.18414541828258,85.04053113178193,50.18255296896163,410.2558351052636,7.651973864293604,nominal,nominal
2024-01-01T07:45:00Z,29.039004093752,24.787290603491982,-74.58046022711711,85.61971658780638,50.17695232913587,409.78763143109654,7.654433922960094,nominal,nominal
2024-01-01T07:46:00Z,29.06001296543484,25.31687660906278,-75.14687595962151,85.539275809843,50.779241679281846,410.7109725592932,7.653483690836554,nominal,nominal
2024-01-01T07:47:00Z,29.26689707141086,25.128744891662176,-75.14938493086916,85.42285505859711,53.526194277154765,410.1040031902149,7.648698459981151,nominal,nominal
2024-01-01T07:48:00Z,29.198261569255177,25.909571820551953,-75.1486005511662,85.29990457975973,52.638290816871134,410.9384939359786,7.653776983339831,nominal,nominal
2024-01-01T07:49:00Z,29.018338821435403,25.540210452914128,-75.27079484129196,85.88307992326476,51.772977821349876,410.3400144425119,7.653153384323958,nominal,nominal
2024-01-01T07:50:00Z,29.142453706908707,25.428541643824186,-74.39493185730822,85.44967432122421,51.16112634893071,410.6789492235801,7.64953471585151,nominal,nominal
2024-01-01T07:51:00Z,29.08078300465581,25.539318360856534,-73.90663000559468,85.44908645011503,51.30715178052112,410.3754092923938,7.65150219834039,nominal,nominal
2024-01-01T07:52:00Z,29.09811367850959,25.71893702794877,-74.38750498445016,85.66564263311565,52.5533934371479,410.4031315967658,7.653705057349464,nominal,nominal
2024-01-01T07:53:00Z,29.146697487296173,25.92765728410436,-75.36709574655808,86.41355490158084,53.04322325750829,410.2581851295294,7.652992619913882,nominal,nominal
2024-01-01T07:54:00Z,29.192079805821606,25.231901523567906,-74.40407018068143,85.07861173285957,50.911147162412846,410.49025186312264,7.650308930842982,nominal,nominal
2024-01-01T07:55:00Z,29.112180930458603,25.244856535361247,-74.35968857844385,86.06000657191574,52.4332910335574,410.5711135883514,7.653294683133831,nominal,nominal
2024-01-01T07:56:00Z,29.244843269942084,26.2425888069111,-73.3113174024186,84.8935561374228,49.43751451360532,410.2617112206454,7.649278692972478,nominal,nominal
2024-01-01T07:57:00Z,29.052726362317742,25.59195242086067,-74.878208047461,85.87527693455567,52.90925072076523,410.4808226841439,7.652257446780874,nominal,nominal
2024-01-01T07:58:00Z,29.162496301612112,25.172049988328936,-74.36617599117211,86.51841620242146,53.8419869629298,410.35672296018123,7.6544056982540924,nominal,nominal
2024-01-01T07:59:00Z,29.40216129404435,26.041569012476028,-73.39051300050131,86.06175412926392,52.38607470385746,411.2511347497202,7.652833768967536,nominal,nominal
2024-01-01T08:00:00Z,29.19491167097503,26.082688883408498,-73.92333727570026,85.9509537560367,55.638698729856124,410.5558624161557,7.652165501910703,nominal,nominal
2024-01-01T08:01:00Z,29.310305668566233,25.21775994909286,-73.83992730205924,85.65437955389699,51.70008171170717,411.0679575220812,7.654355958763521,nominal,nominal
2024-01-01T08:02:00Z,29.196052148834042,26.042343435950887,-74.009360339347,85.9530479042121,53.45641616959577,410.5673644100859,7.654592383269271,nominal,nominal
2024-01-01T08:03:00Z,29.246600407136466,26.30266473437669,-73.87987306482032,85.8582240758524,53.185104022614134,410.72555452098305,7.655203900681914,nominal,nominal
2024-01-01T08:04:00Z,29.195750345125994,26.172778066374505,-73.64577154826796,85.65061468953759,53.19723404252384,410.27312688724425,7.654659194186359,nominal,nominal
2024-01-01T08:05:00Z,29.192068802647622,26.32141909245464,-74.32724141873973,85.90658339779833,53.28527483053291,410.5572298389476,7.655078820273447,nominal,nominal
2024-01-01T08:06:00Z,29.14381006753965,25.43789632208384,-73.53505622326664,86.15908893850657,53.72671559909647,410.77637201205323,7.65466542089024,nominal,nominal
2024-01-01T08:07:00Z,29.25926100538414,26.251637485138076,-74.51518194220871,85.757421734551,54.947502833161515,411.2109140928812,7.654073857691641,nominal,nominal
2024-01-01T08:08:00Z,29.150477391037565,25.999399798559715,-73.71665572190439,85.77275187101331,55.85186665548351,410.8236472935171,7.653919525800717,nominal,nominal
2024-01-01T08:09:00Z,29.293610771268778,25.951284928576758,-73.7510260665183,85.55643095308638,53.89175963325326,411.1941431083598,7.6535392454213635,nominal,nominal
2024-01-01T08:10:00Z,29.337985849417777,26.593300119327115,-74.07578179459821,86.37737635682824,55.22814109188491,410.99325212978636,7.652186614544038,nominal,nominal
2024-01-01T08:11:00Z,29.27990837038247,26.900276248459,-73.77560565524095,86.47999818654077,53.06269197611848,411.31128888094315,7.652682375132289,nominal,nominal
2024-01-01T08:12:00Z,29.227776335372184,27.075160131531142,-74.01244946173853,86.37194080686741,55.37457853562594,410.8274164061158,7.653802623633633,nominal,nominal
2024-01-01T08:13:00Z,29.301020500176534,26.89248153237141,-74.18144760689403,86.73514471192166,53.19307268157202,411.584278806658,7.654698238206716,nominal,nominal
2024-01-01T08:14:00Z,29.23901364364739,26.284590711499252,-73.82515554049331,86.37351152991916,56.08256021490829,410.74369520128096,7.656607789207783,nominal,nominal
2024-01-01T08:15:00Z,29.35762886857261,26.525872209765588,-74.12964674951351,86.54355305821834,57.87312177076898,410.6814935406765,7.654494464612866,nominal,nominal
2024-01-01T08:16:00Z,29.115242319667917,26.745414628539315,-73.45439680492164,86.5370711777733,54.48468862216427,410.5705470359175,7.656173028890438,nominal,nominal
2024-01-01T08:17:00Z,29.256506318114035,26.488084983408328,-74.08398356614498,86.39236189748539,51.48970111786745,411.65501067228314,7.656397489838728,nominal,nominal
2024-01-01T08:18:00Z,29.11418193195477,26.525618942139847,-73.21283528207438,86.22790523492131,54.06714079206494,411.2236843101718,7.654542079995399,nominal,nominal
2024-01-01T08:19:00Z,29.165444525279554,26.87068890934428,-74.03166558056797,87.49636867710636,56.84781270143395,410.8997637799859,7.655892035317056,nominal,nominal
